course_num,course_name,total_over_80,total_sub_70,total_rounds,scoring_average,other_over_80,other_sub_70,course_factor,course_factor_star
697,Ocean Course at Kiawah Island,39,30,472,74.37711864406779,1548,60010,5039.599483204134,3.7024821905655583
618,Shinnecock Hills GC,45,36,446,74.65022421524664,1542,60004,4864.13748378729,3.687095117493685
608,Oakmont Country Club,52,88,887,73.87034949267193,1535,59952,2307.894580989044,3.3634041044460186
891,Winged Foot GC,19,32,409,74.0,1568,60008,2272.3054846938776,3.3566577997383447
709,Royal Troon,65,171,1399,73.409578270193,1522,59869,1495.2182800408816,3.1749949564308513
236,Erin Hills,17,57,447,73.20357941834452,1570,59983,1139.469214437367,3.0570835665259284
241,Quail Hollow-PGA Championship,39,143,918,72.98692810457516,1548,59897,1055.2677942212827,3.023774038281553
528,Pinehurst Resort (No. 2),29,108,906,72.9823399558499,1558,59932,1032.917320401274,3.014485810780013
724,Royal Liverpool,19,73,464,72.74568965517241,1568,59967,995.3985532569192,2.998433088281377
14,Augusta National Golf Club,82,354,2616,73.0045871559633,1505,59686,918.6425662105601,2.9636190646443605
744,Torrey Pines (South),11,48,453,73.45033112582782,1576,59992,872.345600676819,2.9411861369079064
9,Bay Hill Club & Lodge,93,437,3203,72.91445519825164,1494,59603,849.0221756591584,2.9294302558799146
23,Muirfield Village Golf Club,94,484,3198,72.9296435272045,1493,59556,774.7261324196111,2.8897084220674545
4,Torrey Pines Golf Course (South Course),72,391,2774,72.7956020187455,1515,59649,725.0138006127979,2.8609448761725726
658,Carnoustie GC,14,74,469,72.55863539445629,1573,59966,721.228157591794,2.8586744163095226
514,Oak Hill Country Club,14,78,464,72.72198275862068,1573,59962,684.1964562244282,2.8358151081665666
766,Sheshan International GC,28,195,928,72.32112068965517,1559,59845,551.1948816631306,2.742092376812913
666,Pebble Beach Golf Links,11,81,470,72.3531914893617,1576,59959,516.6611831797957,2.7140456006340674
235,Eagle Point Golf Club,6,46,461,72.82429501084599,1581,59994,494.9591617853312,2.695445917334025
880,Bethpage Black,10,88,475,72.54315789473684,1577,59952,432.00553409811494,2.6364934469605585
654,The Country Club,9,81,440,72.50681818181818,1578,59959,422.1870159132516,2.626532334349123
11,TPC Sawgrass,80,765,3629,72.16092587489666,1507,59275,411.32666293679597,2.61524141918632
770,TPC San Antonio - AT&T Oaks,55,618,3546,72.2351945854484,1532,59422,345.19358327629766,2.5393190139335924
611,Southern Hills Country Club,7,84,469,72.45842217484008,1580,59956,316.2236286919831,2.5013655286719
242,Club at Nine Bridges,20,245,930,71.65913978494623,1567,59795,311.50124376489583,2.4948517501893934
893,Muirfield Village Golf Club,9,111,442,71.8529411764706,1578,59929,307.92827047579897,2.4898576530403544
927,Sawgrass Country Club,12,166,634,71.88801261829653,1575,59874,274.80895008605853,2.440608355059266
541,Royal Birkdale GC,8,115,466,71.8519313304721,1579,59925,264.0085910179805,2.4232599530735097
872,Quail Hollow Club,29,452,2107,71.83720930232558,1558,59588,245.3866427346155,2.3916171598889364
671,Valhalla GC,20,324,918,71.05010893246187,1567,59716,235.23757750518013,2.3733489805133754
898,The Concession Golf Club,5,83,285,71.62105263157895,1582,59957,228.31020669276344,2.360423385788348
885,Royal Portrush Golf Club,13,221,910,71.84615384615384,1574,59819,223.55557216533373,2.3513238361995876
205,Spyglass Hill Golf Course,14,263,1239,72.06941081517353,1573,59777,202.29152113009698,2.3081192654889895
668,St. Andrews Links (Old Course),7,139,478,71.61924686192468,1580,59901,190.92386850013662,2.283128988874584
908,Oakdale Golf & Country Club,5,109,460,71.76521739130435,1582,59931,173.7755019195305,2.242480558007851
902,Congaree Golf Club,11,246,752,71.2127659574468,1576,59794,169.6519953778218,2.2321113707073086
895,TPC Harding Park,7,161,469,70.7547974413646,1580,59879,164.77435332966428,2.219517342444965
939,Torrey Pines Golf Course (South Course),2,48,252,72.21428571428571,1585,59992,157.70767613038905,2.200597932554781
5,Pebble Beach GL,23,586,2017,71.35101636093208,1564,59454,149.20196747641037,2.1766756214734224
729,GC of Houston,13,357,1326,71.52036199095022,1574,59683,138.0769080186077,2.1432550268100146
734,PGA National (Champion),32,897,3020,71.22384105960265,1555,59143,135.68457917961624,2.1357195200179007
244,Corales Golf Club,29,887,3224,71.30303970223325,1558,59153,124.13198489666021,2.0973683335835527
878,Shadow Creek Golf Course,3,95,311,71.32797427652733,1584,59945,119.50757575757575,2.0810143498676688
772,St. George's G&CC,5,161,447,70.77852348993288,1582,59879,117.54717277445799,2.073891200970526
237,TPC Potomac at Avenel Farm,11,398,1208,70.96274834437088,1576,59642,104.59371731755225,2.0236380790359654
889,Sea Island GC (Plantation),9,347,926,70.57451403887688,1578,59693,98.1136520529032,1.9961334789342018
765,Port Royal Golf Course,30,1163,2378,69.9259882253995,1557,58877,97.54355969297396,1.9936282462593005
665,Innisbrook Resort (Copperhead Course),22,873,3521,71.48423743254757,1565,59167,95.27383448795787,1.9835082696628556
926,Silverado Resort (North Course),6,245,863,71.19582850521437,1581,59795,92.62285559385045,1.9713818834239631
104,Torrey Pines Golf Course (North Course),12,510,1390,70.60215827338129,1575,59530,88.93370681605975,1.9539224941872055
934,Hurstbourne Country Club,3,135,447,71.1185682326622,1584,59905,84.04180695847363,1.9296324794521744
552,Silverado Resort and Spa (North Course),16,759,2672,71.14071856287426,1571,59281,79.54585290538574,1.9060431846475763
43,The Los Angeles Country Club (North Course),2,103,442,71.77601809954751,1585,59937,73.42746010841934,1.8717331986275119
742,Grand Reserve Golf Club,17,895,2783,70.95831836148042,1570,59145,71.55570579653418,1.860671571129537
19,TPC Four Seasons Resort,3,162,460,70.81739130434782,1584,59878,70.0032734754957,1.8512783715299568
890,Tahoe Mt. Club (Old Greenwood),12,664,1688,70.45793838862559,1575,59376,68.13080895008605,1.8396716389090926
896,Olympia Fields CC (North),3,167,473,70.79492600422833,1584,59873,67.90169660678642,1.8382299159264002
778,Royal St. George's GC,3,169,465,70.52688172043011,1584,59871,67.09588488434642,1.8331208677715203
240,Club de Golf Chapultepec,7,408,1135,70.70484581497797,1580,59632,64.753040456689,1.8179158396413813
922,Dye's Valley Course,4,235,637,70.69544740973312,1583,59805,64.30558729049342,1.81495033940103
746,CC of Jackson,19,1141,3386,70.7206142941524,1568,58899,62.55036085424529,1.80311802092563
238,Glen Oaks Club,2,122,379,70.99472295514512,1585,59918,61.97238454775819,1.7991501388527333
231,Sea Island GC (Plantation),2,124,310,70.49354838709678,1585,59916,60.970794749160476,1.7921870658279369
500,Riviera CC,13,929,3070,71.07589576547231,1574,59111,52.552238132297845,1.7287776262079237
897,Memorial Park Golf Course,12,887,2082,70.26609029779058,1575,59153,50.810543834219146,1.7144181509236947
883,TPC Twin Cities,20,1475,3197,70.03190491085392,1567,58565,50.6765599818286,1.7132935957255293
704,Pete Dye Stadium Course,10,798,2119,70.51250589900897,1577,59242,47.07552012561524,1.6819239915368858
12,Harbour Town Golf Links,17,1457,3471,70.25180063382311,1570,58583,43.537283223096054,1.6487237215169768
935,TPC Toronto at Osprey Valley (North Course),3,280,444,68.74549549549549,1584,59760,40.422077922077925,1.6172318813139972
233,Nicklaus Tournament Course,8,766,1398,69.41845493562232,1579,59274,39.20516835687722,1.6042818850395852
700,TPC Boston,5,482,1076,70.08271375464685,1582,59558,39.053197014126766,1.6026371868417304
21,Colonial CC,14,1379,3571,70.44805376645198,1573,58661,37.86033993694353,1.5895065953397556
919,El Cardonal at Diamante,4,406,785,69.59617834394905,1583,59634,37.11478797195573,1.5810935081840838
931,Tahoe Mountain Club (Old Greenwood),4,416,882,69.91609977324264,1583,59624,36.21653141552068,1.570735894391338
534,Bellerive CC,2,214,471,70.12526539278132,1585,59826,35.27580412158377,1.5596170481723772
250,Le Golf National,1,112,238,69.90336134453781,1586,59928,33.73716447486939,1.540794364969552
977,The Renaissance Club,7,810,1850,70.05351351351351,1580,59230,32.39646819815596,1.5237005409686313
32,Glen Abbey GC,3,391,926,70.4060475161987,1584,59649,28.892990002325043,1.4755693568782275
660,Montreux Golf & Country Club,1,142,402,70.97512437810946,1586,59898,26.596273733193616,1.4408504441534487
503,TPC River Highlands,14,2087,3759,69.24288374567705,1573,57953,24.714554513744304,1.4101790048811613
243,Trinity Forest Golf Club,3,484,922,69.53362255965294,1584,59556,23.304845980465817,1.3856928733000593
886,Liberty National Golf Club,2,341,802,70.03117206982543,1585,59699,22.090899839958556,1.3634408574695345
2000,Sherwood Country Club,1,173,308,69.25974025974025,1586,59867,21.819169175371204,1.3582998281137364
656,Plantation Course at Kapalua,4,741,1476,69.59823848238483,1583,59299,20.221261156194828,1.3267711899753554
538,TPC Summerlin,10,1828,3374,69.3633669235329,1577,58212,20.1931762521698,1.3261960499348062
978,Vidanta Vallarta,4,765,1677,70.00238521168754,1583,59275,19.578941283820328,1.3134230280346764
769,Monterey Peninsula CC,2,386,921,70.30184581976113,1585,59654,19.50082541965643,1.3117713472989418
669,TPC Deere Run,10,1901,3620,69.46325966850829,1577,58139,19.39339072283486,1.3094894400886292
928,PGA National Resort (The Champion),2,416,847,69.6788665879575,1585,59624,18.08541616112594,1.2807016342620663
884,Keene Trace Golf Club (Champions Course),5,1042,2182,69.81805682859762,1582,58998,17.89505739958409,1.276348215558922
882,Caves Valley Golf Club,1,232,471,69.70912951167728,1586,59808,16.25429403835283,1.2368971947767429
232,Albany GC,1,234,536,70.00746268656717,1586,59806,16.11482954484216,1.2333725781392126
202,La Quinta CC,3,718,1241,69.04593070104754,1584,59322,15.647948847809573,1.2213607328001483
930,Black Desert Resort,1,243,396,69.06060606060606,1586,59797,15.51564875790741,1.2178956380604575
733,El Camaleón Golf Course at Mayakoba,5,1224,2452,69.66965742251223,1582,58816,15.187195822281716,1.2091716205638134
36,Firestone CC (South),1,256,588,70.21088435374149,1586,59784,14.724542875157628,1.1965780290182781
510,TPC Scottsdale,6,1524,3639,70.21269579554823,1581,58516,14.571660515870052,1.192334926917979
875,Accordia Golf Narashino Country Club,3,779,1546,69.65847347994826,1584,59261,14.40779748706578,1.1877405616530037
800,TPC Kuala Lumpur,1,272,624,70.03205128205128,1586,59768,13.854684370595653,1.1718634284342027
513,TPC Southwind,5,1512,2959,69.58769854680635,1582,58528,12.234195546458505,1.1216975474241295
6,Waialae Country Club,8,2459,3919,68.77672875733606,1579,57581,11.86392878675767,1.1093736272063204
771,The Old White TPC,2,728,1363,69.41232575201761,1585,59312,10.280445106943532,1.0523262364979964
921,TPC Craig Ranch,2,842,1372,68.84912536443149,1585,59198,8.871471709988986,0.9943819052410511
876,Detroit Golf Club,3,1350,3246,70.16050523721503,1584,58690,8.233726150392817,0.9653769902999327
894,TPC Craig Ranch,1,478,934,69.39079229122056,1586,59562,7.856664221984203,0.9472701798134321
752,Sedgefield Country Club,2,2478,4142,68.90825688073394,1585,57562,2.931131496602277,0.5945175712415112
776,Sea Island GC (Seaside),1,1432,2394,68.89431913116124,1586,58608,2.580540624317527,0.5539486055353713
379,The Philadelphia Cricket Club (Wissahickon Course),0,159,283,69.00353356890459,1587,59881,0.0,0.0
901,Wilmington Country Club,0,122,270,70.24814814814815,1587,59918,0.0,0.0
887,Kasumigaseki Country Club,0,135,240,69.06666666666666,1587,59905,0.0,0.0
688,East Lake Golf Club,0,552,954,68.90880503144655,1587,59488,0.0,0.0
874,Hamilton Golf & Country Club,0,392,902,69.97339246119734,1587,59648,0.0,0.0
899,The Summit Club,0,201,311,68.43408360128618,1587,59839,0.0,0.0
406,Castle Pines Golf Club,0,46,195,71.37435897435897,1587,59994,0.0,0.0
789,Conway Farms GC,0,150,276,69.1159420289855,1587,59890,0.0,0.0
823,Keene Trace Golf Club,0,196,402,69.90547263681592,1587,59844,0.0,0.0
819,RTJ Trail (Grand National),0,234,417,69.29496402877697,1587,59806,0.0,0.0
873,Ridgewood CC,0,167,397,70.42569269521411,1587,59873,0.0,0.0
925,Dunes Golf and Beach Club,0,355,806,70.05955334987593,1587,59685,0.0,0.0
773,Aronimink GC,0,205,275,67.88,1587,59835,0.0,0.0
933,East Lake Golf Club,0,77,120,68.61666666666666,1587,59963,0.0,0.0
348,Medinah Country Club (No. 3),0,122,276,69.92753623188406,1587,59918,0.0,0.0
940,Grand Reserve Golf Club,0,210,419,69.61575178997613,1587,59830,0.0,0.0
