dg_id,player_name,ppi,teetime,first_tee_time_in_group,sg_total,score,event_name,wave_average,course_factor_star,category,ppi_sg_diff
5768,"Hoffman, Charley",0.11627204105142233,2025-06-08T09:10:00.000000,2024-10-24T09:40:00.000000,-0.020660000000000095,73,RBC Canadian Open,67.84782608695652,1.6077662621636581,Gamer,0.13693204105142243
6093,"Rose, Justin",0.6901115098181488,2025-06-13T13:25:00.000000,2024-07-11T14:05:00.000000,0.3178600000000001,77,U.S. Open,75.14285714285714,3.353853982792206,Proper Player,0.37225150981814875
6169,"Kuchar, Matt",0.24401983666844934,2025-06-27T13:27:00.000000,2024-10-24T09:29:00.000000,0.29252,71,Rocket Classic,70.37179487179488,0.9565217043034202,Imposter,-0.04850016333155066
6252,"Baddeley, Aaron",-1.0852881239654075,2025-06-27T12:21:00.000000,2024-10-11T13:57:00.000000,-1.2845,73,Rocket Classic,70.37179487179488,0.9565217043034202,Gamer,0.19921187603459245
6430,"Scott, Adam",0.3867715069410803,2025-06-22T11:28:00.000000,2024-08-31T14:33:00.000000,0.3597400000000001,70,Travelers Championship,69.62857142857143,1.4004847736410446,Proper Player,0.027031506941080197
6931,"Byrd, Jonathan",-0.8151736881145074,2025-05-09T09:25:00.000000,2023-05-13T10:15:00.000000,-0.70986,69,ONEflight Myrtle Beach Classic,70.34848484848484,0.0,Mule,-0.10531368811450736
6986,"Johnson, Zach",0.3761986412656068,2025-06-29T08:25:00.000000,2024-07-05T12:49:00.000000,0.25932,74,Rocket Classic,70.19354838709677,0.9565217043034202,Proper Player,0.11687864126560682
7293,"Walker, Jimmy",-1.4463599248449326,2025-05-16T08:28:00.000000,2023-07-08T10:27:00.000000,-1.56036,74,PGA Championship,72.36363636363636,3.014188099336586,Gamer,0.11400007515506738
7301,"Dufner, Jason",-0.8362396752719203,2025-05-16T08:39:00.000000,2023-07-13T06:45:00.000000,-0.7245800000000001,77,PGA Championship,72.36363636363636,3.014188099336586,Mule,-0.11165967527192022
7305,"Gutschewski, Scott",-1.7779341263971054,2025-05-09T13:32:00.000000,2024-01-25T09:01:00.000000,-1.7111,76,ONEflight Myrtle Beach Classic,70.86363636363636,0.0,Mule,-0.06683412639710529
7399,"Glover, Lucas",0.6102927121933475,2025-06-22T12:34:00.000000,2025-01-30T10:19:00.000000,0.4068399999999999,68,Travelers Championship,69.21875,1.4004847736410446,Proper Player,0.20345271219334754
7626,"O'Hair, Sean",-0.4826016107018359,2025-03-07T06:45:00.000000,2023-11-09T08:18:00.000000,-0.48771999999999993,74,Puerto Rico Open,69.87951807228916,0.0,Gamer,0.00511838929816405
7655,"Molinari, Francesco",-0.32808465906864687,2025-06-27T13:05:00.000000,2024-05-17T09:30:00.000000,-0.3451599999999999,68,Rocket Classic,70.37179487179488,0.9565217043034202,Gamer,0.017075340931353045
7820,"Palmer, Ryan",-2.2933120525821513,2025-06-27T08:13:00.000000,2024-06-01T12:45:00.000000,-2.10408,69,Rocket Classic,68.87179487179488,0.9565217043034202,Mule,-0.18923205258215114
7881,"Kang, Sung",-1.211043068353229,2025-05-02T13:17:00.000000,2023-05-14T10:50:00.000000,-1.2549599999999999,74,THE CJ CUP Byron Nelson,70.76923076923077,0.9855580142386179,Gamer,0.04391693164677091
7899,"Piercy, Scott",-0.06410644047388453,2025-05-09T13:21:00.000000,2024-04-18T11:57:00.000000,-0.25801999999999997,77,ONEflight Myrtle Beach Classic,70.86363636363636,0.0,Gamer,0.19391355952611544
7900,"Haas, Bill",-1.1435538213511824,2025-05-11T11:23:00.000000,2023-06-09T13:21:00.000000,-1.0629799999999998,74,ONEflight Myrtle Beach Classic,69.43478260869566,0.0,Mule,-0.08057382135118263
7955,"Watney, Nick",-1.086746730862602,2025-05-11T09:55:00.000000,2023-11-09T07:45:00.000000,-1.0371199999999998,72,ONEflight Myrtle Beach Classic,69.43478260869566,0.0,Mule,-0.049626730862602164
7960,"List, Luke",-0.38616213568251057,2025-06-29T10:20:00.000000,2024-11-10T07:50:00.000000,-0.49768,70,Rocket Classic,70.19354838709677,0.9565217043034202,Gamer,0.11151786431748945
7961,"Reavie, Chez",-0.13638583749999178,2025-05-09T08:41:00.000000,2024-07-13T14:40:00.000000,-0.38640000000000013,69,ONEflight Myrtle Beach Classic,70.34848484848484,0.0,Gamer,0.25001416250000835
8469,"Armour, Ryan",-0.8528032203814083,2025-04-18T13:45:00.000000,2023-05-06T08:15:00.000000,-0.98658,72,Corales Puntacana Championship,71.5,2.087664804999029,Gamer,0.1337767796185917
8480,"Streelman, Kevin",-0.18022114270867912,2025-02-09T09:47:00.000000,2024-06-28T13:38:00.000000,-0.30732000000000004,74,WM Phoenix Open,69.8051948051948,1.183005686097425,Gamer,0.12709885729132092
8820,"Snedeker, Brandt",0.22832093173208795,2025-06-27T13:27:00.000000,2024-09-14T12:35:00.000000,0.05777999999999995,71,Rocket Classic,70.37179487179488,0.9565217043034202,Proper Player,0.170540931732088
8825,"Harman, Brian",0.2337133978828886,2025-06-22T12:45:00.000000,2025-02-08T10:28:00.000000,0.3053600000000001,68,Travelers Championship,69.21875,1.4004847736410446,Imposter,-0.07164660211711146
9171,"Villegas, Camilo",-0.29678491904752985,2025-06-29T07:25:00.000000,2024-11-15T07:44:00.000000,-0.42666000000000004,70,Rocket Classic,70.19354838709677,0.9565217043034202,Gamer,0.1298750809524702
9586,"Laird, Martin",-0.40973871420192076,2025-05-02T08:07:00.000000,2024-06-27T06:45:00.000000,-0.3221800000000002,68,THE CJ CUP Byron Nelson,68.98701298701299,0.9855580142386179,Mule,-0.08755871420192057
9771,"Day, Jason",0.814412701294943,2025-06-22T12:45:00.000000,2024-12-05T11:52:00.000000,0.6800400000000001,68,Travelers Championship,69.21875,1.4004847736410446,Proper Player,0.13437270129494294
10091,"McIlroy, Rory",1.9360297087255811,2025-06-22T12:34:00.000000,2024-08-22T11:10:00.000000,1.62982,65,Travelers Championship,69.21875,1.4004847736410446,Proper Player,0.30620970872558106
10104,"Power, Seamus",0.07414698060868212,2025-06-27T12:54:00.000000,2024-10-27T09:20:00.000000,0.06876000000000004,71,Rocket Classic,70.37179487179488,0.9565217043034202,Proper Player,0.0053869806086820765
10419,"Noren, Alex",0.6561137183975756,2025-06-27T12:10:00.000000,2024-05-30T07:07:00.000000,0.30892000000000003,70,Rocket Classic,70.37179487179488,0.9565217043034202,Proper Player,0.34719371839757557
10423,"Brehm, Ryan",-1.1321901953358697,2025-06-27T07:07:00.000000,2024-03-30T11:30:00.000000,-1.44474,71,Rocket Classic,68.87179487179488,0.9565217043034202,Gamer,0.3125498046641302
10873,"Skinns, David",-0.5377461543803281,2025-06-29T07:16:00.000000,2024-11-10T08:56:00.000000,-0.41042000000000006,70,Rocket Classic,70.19354838709677,0.9565217043034202,Mule,-0.12732615438032807
10943,"Lashley, Nate",-0.3456531133268129,2025-06-27T06:56:00.000000,2024-11-09T08:45:00.000000,-0.47038,67,Rocket Classic,68.87179487179488,0.9565217043034202,Gamer,0.1247268866731871
11049,"Simpson, Webb",0.10265712191054417,2025-06-29T08:55:00.000000,2024-04-20T09:35:00.000000,0.04749999999999998,70,Rocket Classic,70.19354838709677,0.9565217043034202,Proper Player,0.05515712191054419
11276,"Horschel, Billy",0.27673635821942394,2025-04-20T11:50:00.000000,2024-08-15T08:55:00.000000,0.2446399999999999,70,RBC Heritage,69.625,1.6390111991210516,Proper Player,0.032096358219424026
11328,"Kisner, Kevin",-1.0956325796620439,2025-06-27T08:13:00.000000,2024-06-28T07:51:00.000000,-1.13994,71,Rocket Classic,68.87179487179488,0.9565217043034202,Gamer,0.044307420337956094
11374,"Hahn, James",-0.7504436341427825,2025-06-13T14:20:00.000000,2024-02-22T13:10:00.000000,-0.7096399999999999,75,U.S. Open,75.14285714285714,3.353853982792206,Mule,-0.04080363414278254
11451,"Garnett, Brice",-0.216201887815096,2025-06-27T13:05:00.000000,2024-10-17T12:51:00.000000,0.0803199999999999,68,Rocket Classic,70.37179487179488,0.9565217043034202,Imposter,-0.2965218878150959
11460,"Manassero, Matteo",0.7239328656622941,2025-06-08T13:45:00.000000,2024-07-11T13:21:00.000000,0.56368,69,RBC Canadian Open,68.04545454545455,1.6077662621636581,Proper Player,0.16025286566229413
11657,"Norlander, Henrik",0.4145088304193562,2025-06-29T07:57:00.000000,2025-01-17T09:03:00.000000,0.31109999999999993,69,Rocket Classic,70.19354838709677,0.9565217043034202,Proper Player,0.10340883041935628
11676,"Finau, Tony",0.16366056180821237,2025-06-22T12:34:00.000000,2025-01-23T10:29:00.000000,0.06269999999999998,76,Travelers Championship,69.21875,1.4004847736410446,Proper Player,0.10096056180821239
11889,"Fox, Ryan",0.885706933819004,2025-06-22T10:55:00.000000,2025-02-20T08:36:00.000000,0.95888,66,Travelers Championship,69.62857142857143,1.4004847736410446,Imposter,-0.07317306618099595
12169,"Gainey, Tommy",-0.9919411972731524,2025-04-20T10:05:00.000000,2023-06-08T12:37:00.000000,-0.9912399999999999,76,Corales Puntacana Championship,73.28,2.087664804999029,Mule,-0.0007011972731525429
12294,"Fleetwood, Tommy",1.2262465616318672,2025-06-22T12:56:00.000000,2025-02-13T10:58:00.000000,1.4487,72,Travelers Championship,69.21875,1.4004847736410446,Imposter,-0.22245343836813292
12423,"Kirk, Chris",0.1422648758332504,2025-06-29T13:35:00.000000,2025-01-16T09:14:00.000000,0.22949999999999995,67,Rocket Classic,68.79166666666667,0.9565217043034202,Imposter,-0.08723512416674956
12425,"Todd, Brendon",-0.9978228547406661,2025-02-28T06:56:00.000000,2024-06-27T07:18:00.000000,-0.9406,76,Cognizant Classic in The Palm Beaches,69.5,1.271482514347666,Mule,-0.05722285474066613
12477,"McGirt, William",0.005659803146808292,2025-03-07T11:52:00.000000,2023-07-15T07:07:00.000000,-0.13823999999999992,72,Puerto Rico Open,69.87951807228916,0.0,Gamer,0.1438998031468082
12577,"Woodland, Gary",0.0065959540385342255,2025-06-29T09:50:00.000000,2025-02-01T08:23:00.000000,0.12970000000000012,71,Rocket Classic,70.19354838709677,0.9565217043034202,Imposter,-0.1231040459614659
12808,"Grillo, Emiliano",0.5616152922953977,2025-06-29T10:00:00.000000,2025-02-08T11:01:00.000000,0.4294599999999999,75,Rocket Classic,70.19354838709677,0.9565217043034202,Proper Player,0.13215529229539785
12846,"Herman, Jim",-1.8126393642409853,2025-03-07T06:56:00.000000,2023-05-11T12:33:00.000000,-1.6314,71,Puerto Rico Open,69.87951807228916,0.0,Mule,-0.1812393642409853
12909,"Campos, Rafael",-1.5347824285015192,2025-06-27T07:51:00.000000,2025-01-10T07:40:00.000000,-1.3139600000000002,69,Rocket Classic,68.87179487179488,0.9565217043034202,Mule,-0.220822428501519
12920,"Willett, Danny",-0.028079586914529997,2025-06-27T07:07:00.000000,2023-07-23T07:45:00.000000,-0.11028000000000007,71,Rocket Classic,68.87179487179488,0.9565217043034202,Gamer,0.08220041308547008
12965,"Fowler, Rickie",-0.13964530417010013,2025-06-27T13:05:00.000000,2025-01-19T09:44:00.000000,-0.05370000000000005,71,Rocket Classic,70.37179487179488,0.9565217043034202,Mule,-0.08594530417010007
13022,"Stuard, Brian",-1.1742919190815666,2025-04-20T07:50:00.000000,2023-04-27T11:50:00.000000,-1.0867399999999998,76,Corales Puntacana Championship,73.28,2.087664804999029,Mule,-0.08755191908156679
13126,"Taylor, Nick",0.5822132745383938,2025-06-22T12:23:00.000000,2025-01-30T09:40:00.000000,0.6497799999999999,71,Travelers Championship,69.21875,1.4004847736410446,Imposter,-0.06756672546160614
13127,"Tway, Kevin",-0.11436183731664176,2025-05-09T13:21:00.000000,2024-07-04T12:16:00.000000,-0.37728000000000006,77,ONEflight Myrtle Beach Classic,70.86363636363636,0.0,Gamer,0.2629181626833583
13305,"Chappell, Kevin",0.25485270652072695,2025-04-18T12:33:00.000000,2024-04-06T10:15:00.000000,0.05831999999999997,71,Corales Puntacana Championship,71.5,2.087664804999029,Proper Player,0.19653270652072696
13367,"Merritt, Troy",-0.5753922438061572,2025-05-09T09:58:00.000000,2024-05-11T08:35:00.000000,-0.6728400000000001,75,ONEflight Myrtle Beach Classic,70.34848484848484,0.0,Gamer,0.09744775619384294
13412,"Olesen, Thorbjorn",0.9133440038429053,2025-06-29T10:55:00.000000,2024-07-20T12:45:00.000000,0.8889199999999999,71,Rocket Classic,70.19354838709677,0.9565217043034202,Proper Player,0.02442400384290533
13470,"Kizzire, Patton",-0.9778401583335042,2025-06-27T12:43:00.000000,2024-10-10T13:14:00.000000,-0.6516799999999999,72,Rocket Classic,70.37179487179488,0.9565217043034202,Mule,-0.3261601583335043
13497,"Lee, K.H.",-0.5100839447147613,2025-03-27T08:53:00.000000,2024-08-10T07:50:00.000000,-0.45582,75,Texas Children's Houston Open,70.15789473684211,1.7047908137838608,Mule,-0.05426394471476126
13508,"Vegas, Jhonattan",-0.023109543993014164,2025-06-22T12:12:00.000000,2025-01-03T10:03:00.000000,0.021959999999999927,66,Travelers Championship,69.21875,1.4004847736410446,Imposter,-0.04506954399301409
13562,"Matsuyama, Hideki",0.5942544734555187,2025-06-29T11:35:00.000000,2025-01-30T10:19:00.000000,0.6474400000000001,67,Rocket Classic,70.19354838709677,0.9565217043034202,Imposter,-0.05318552654448139
13831,"Knox, Russell",-0.5230276181855067,2025-04-20T08:00:00.000000,2023-10-07T11:45:00.000000,-0.7214400000000001,76,Corales Puntacana Championship,73.28,2.087664804999029,Gamer,0.1984123818144934
13872,"Bradley, Keegan",1.1610615211902116,2025-06-29T08:15:00.000000,2025-01-30T09:14:00.000000,1.03296,67,Rocket Classic,70.19354838709677,0.9565217043034202,Proper Player,0.12810152119021145
13900,"Lowry, Shane",0.7493464007341802,2025-06-22T11:50:00.000000,2025-02-01T09:51:00.000000,0.9455800000000001,69,Travelers Championship,69.62857142857143,1.4004847736410446,Imposter,-0.19623359926581985
13965,"Hadwin, Adam",-0.96852973562988,2025-06-29T08:45:00.000000,2025-01-17T08:30:00.000000,-0.7984399999999999,74,Rocket Classic,70.19354838709677,0.9565217043034202,Mule,-0.17008973562988006
13997,"Svensson, Adam",-0.27870625588076603,2025-06-27T07:51:00.000000,2025-01-10T08:10:00.000000,-0.20068000000000003,70,Rocket Classic,68.87179487179488,0.9565217043034202,Mule,-0.078026255880766
14007,"Martin, Ben",0.259542634097046,2025-06-27T13:38:00.000000,2024-04-07T11:00:00.000000,-0.031160000000000094,74,Rocket Classic,70.37179487179488,0.9565217043034202,Gamer,0.29070263409704605
14050,"Sloan, Roger",-0.6857667420891461,2025-06-06T12:00:00.000000,2024-05-10T11:41:00.000000,-0.4039600000000001,71,RBC Canadian Open,69.1948051948052,1.6077662621636581,Mule,-0.281806742089146
14139,"Thomas, Justin",0.8055786997914881,2025-06-22T11:50:00.000000,2025-01-18T08:52:00.000000,1.3163200000000002,67,Travelers Championship,69.62857142857143,1.4004847736410446,Imposter,-0.510741300208512
14140,"Higgs, Harry",-0.7424803699614431,2025-06-29T09:20:00.000000,2025-01-09T12:00:00.000000,-0.43352,65,Rocket Classic,70.19354838709677,0.9565217043034202,Mule,-0.30896036996144305
14181,"Detry, Thomas",-0.01613889809526809,2025-06-22T12:56:00.000000,2025-02-01T08:12:00.000000,0.17157999999999995,67,Travelers Championship,69.21875,1.4004847736410446,Imposter,-0.18771889809526804
14459,"An, Byeong Hun",0.1673193486964133,2025-06-29T06:49:00.000000,2025-02-27T12:51:00.000000,0.18465999999999988,67,Rocket Classic,70.19354838709677,0.9565217043034202,Imposter,-0.017340651303586585
14502,"Cauley, Bud",0.9094402997323423,2025-06-22T10:55:00.000000,2024-11-23T09:54:00.000000,0.8774600000000001,67,Travelers Championship,69.62857142857143,1.4004847736410446,Proper Player,0.03198029973234218
14509,"Dahmen, Joel",0.45181992201435023,2025-06-27T06:45:00.000000,2024-11-15T12:47:00.000000,0.29174,71,Rocket Classic,68.87179487179488,0.9565217043034202,Proper Player,0.16007992201435023
14577,"English, Harris",0.5805582062697849,2025-06-22T12:34:00.000000,2025-01-30T08:48:00.000000,0.59982,65,Travelers Championship,69.21875,1.4004847736410446,Imposter,-0.019261793730215082
14578,"Henley, Russell",1.366550078331522,2025-06-22T12:56:00.000000,2025-01-04T08:12:00.000000,1.3343200000000002,69,Travelers Championship,69.21875,1.4004847736410446,Proper Player,0.032230078331521916
14609,"Kim, Si Woo",0.7659837327006767,2025-06-29T07:07:00.000000,2025-02-09T08:52:00.000000,0.6824999999999999,73,Rocket Classic,70.19354838709677,0.9565217043034202,Proper Player,0.08348373270067677
14636,"Spieth, Jordan",1.13287573132645,2025-06-15T11:31:00.000000,2025-02-08T11:01:00.000000,1.11714,72,U.S. Open,73.0952380952381,3.353853982792206,Proper Player,0.015735731326449898
14698,"Bramlett, Joseph",0.09351419094187435,2025-06-27T07:18:00.000000,2024-10-10T09:13:00.000000,0.52518,67,Rocket Classic,68.87179487179488,0.9565217043034202,Imposter,-0.4316658090581256
14704,"Putnam, Andrew",0.5287794968615958,2025-06-29T13:35:00.000000,2025-01-12T08:20:00.000000,0.8112200000000002,70,Rocket Classic,68.79166666666667,0.9565217043034202,Imposter,-0.2824405031384044
14796,"Hatton, Tyrrell",1.030437595174025,2025-06-15T13:53:00.000000,2023-07-20T15:10:00.000000,0.8832800000000001,72,U.S. Open,73.41666666666667,3.353853982792206,Proper Player,0.14715759517402494
14852,"Streb, Robert",-0.4449946271165099,2025-04-18T06:57:00.000000,2023-07-27T13:05:00.000000,-0.4952,72,Corales Puntacana Championship,71.27272727272727,2.087664804999029,Gamer,0.050205372883490085
14926,"Malnati, Peter",-1.2932229800236383,2025-06-29T12:00:00.000000,2024-11-15T12:03:00.000000,-1.3830800000000003,73,Rocket Classic,68.79166666666667,0.9565217043034202,Gamer,0.08985701997636197
14967,"Hadley, Chesson",-0.5601806862378155,2025-05-11T11:23:00.000000,2024-06-02T09:55:00.000000,-0.33048,70,ONEflight Myrtle Beach Classic,69.43478260869566,0.0,Mule,-0.22970068623781548
15004,"Kim, Chan",0.3840453157306172,2025-06-29T12:00:00.000000,2025-01-12T08:50:00.000000,0.3646400000000001,68,Rocket Classic,68.79166666666667,0.9565217043034202,Proper Player,0.0194053157306171
15330,"Griffin, Lanto",0.2503400199264528,2025-06-29T08:15:00.000000,2024-12-13T09:30:00.000000,0.07737999999999996,69,Rocket Classic,70.19354838709677,0.9565217043034202,Proper Player,0.17296001992645282
15466,"Cantlay, Patrick",0.7846986432886159,2025-06-29T11:05:00.000000,2025-01-18T10:31:00.000000,1.0563799999999999,69,Rocket Classic,70.19354838709677,0.9565217043034202,Imposter,-0.27168135671138394
15470,"Hossler, Beau",-0.13296875782850495,2025-06-29T09:05:00.000000,2025-01-30T08:35:00.000000,-0.32394000000000006,71,Rocket Classic,70.19354838709677,0.9565217043034202,Gamer,0.1909712421714951
15473,"Long, Adam",-0.1427275322891707,2025-03-07T06:56:00.000000,2023-10-08T08:10:00.000000,-0.3325199999999999,72,Puerto Rico Open,69.87951807228916,0.0,Gamer,0.18979246771082922
15475,"Pan, C.T.",0.030787587015255406,2025-03-28T07:31:00.000000,2024-06-27T12:21:00.000000,0.26630000000000004,70,Texas Children's Houston Open,67.8051948051948,1.7047908137838608,Imposter,-0.23551241298474462
15556,"Hughes, Mackenzie",-0.06898260085963083,2025-06-22T12:23:00.000000,2025-02-13T10:36:00.000000,0.12749999999999995,74,Travelers Championship,69.21875,1.4004847736410446,Imposter,-0.19648260085963076
15575,"Hoge, Tom",0.4141238677108529,2025-06-22T12:23:00.000000,2025-02-01T08:34:00.000000,-0.022020000000000105,67,Travelers Championship,69.21875,1.4004847736410446,Gamer,0.436143867710853
15651,"Ventura, Kris",0.23511473048653164,2025-06-29T09:40:00.000000,2025-01-09T09:00:00.000000,0.14563999999999994,68,Rocket Classic,70.19354838709677,0.9565217043034202,Proper Player,0.0894747304865317
15980,"Lipsky, David",-0.5434717447398186,2025-06-27T12:32:00.000000,2024-11-09T08:12:00.000000,-0.84954,73,Rocket Classic,70.37179487179488,0.9565217043034202,Gamer,0.30606825526018133
16283,"Rodgers, Patrick",-0.023628728859063287,2025-06-27T06:56:00.000000,2025-02-06T12:22:00.000000,0.20588,71,Rocket Classic,68.87179487179488,0.9565217043034202,Imposter,-0.2295087288590633
16333,"Hubbard, Mark",-0.399398018972747,2025-06-29T13:45:00.000000,2025-01-23T10:07:00.000000,0.10165999999999986,71,Rocket Classic,68.79166666666667,0.9565217043034202,Imposter,-0.5010580189727469
16394,"Jaeger, Stephan",0.024679823173332227,2025-06-27T07:18:00.000000,2025-02-20T12:43:00.000000,0.32791999999999993,72,Rocket Classic,68.87179487179488,0.9565217043034202,Imposter,-0.3032401768266677
16395,"Kohles, Ben",-0.4138677164329135,2025-06-29T07:34:00.000000,2024-11-21T08:50:00.000000,-0.23744000000000004,72,Rocket Classic,70.19354838709677,0.9565217043034202,Mule,-0.17642771643291344
16433,"NeSmith, Matt",-0.11544065704154088,2025-05-09T09:25:00.000000,2024-06-27T07:07:00.000000,-0.22362,69,ONEflight Myrtle Beach Classic,70.34848484848484,0.0,Gamer,0.10817934295845913
16715,"Ryder, Sam",0.5785823490141047,2025-06-27T08:02:00.000000,2025-01-16T09:36:00.000000,0.49907999999999975,72,Rocket Classic,68.87179487179488,0.9565217043034202,Proper Player,0.07950234901410491
16841,"Lee, Min Woo",0.0699154819096521,2025-06-29T11:15:00.000000,2025-02-06T12:22:00.000000,0.26835999999999993,66,Rocket Classic,70.19354838709677,0.9565217043034202,Imposter,-0.19844451809034783
17032,"Tosti, Alejandro",0.6890952266483569,2025-06-27T13:49:00.000000,2024-12-14T10:50:00.000000,0.22449999999999992,71,Rocket Classic,70.37179487179488,0.9565217043034202,Proper Player,0.46459522664835695
17266,"Yuan, Carl",-1.0504586895560322,2025-04-18T13:09:00.000000,2024-05-12T07:35:00.000000,-1.1874,72,Corales Puntacana Championship,71.5,2.087664804999029,Gamer,0.13694131044396785
17365,"Mitchell, Keith",0.8108229059447912,2025-06-27T06:45:00.000000,2025-01-16T09:47:00.000000,0.7587200000000002,78,Rocket Classic,68.87179487179488,0.9565217043034202,Proper Player,0.052102905944791056
17381,"Silverman, Ben",-0.8880063813209128,2025-06-29T08:06:00.000000,2024-10-18T15:45:00.000000,-0.5673199999999999,71,Rocket Classic,70.19354838709677,0.9565217043034202,Mule,-0.32068638132091287
17488,"Im, Sungjae",0.19682292227142206,2025-06-22T12:01:00.000000,2025-02-08T09:22:00.000000,0.12602000000000002,73,Travelers Championship,69.21875,1.4004847736410446,Proper Player,0.07080292227142204
17508,"Gribble, Cody",-0.9997174382476317,2025-04-20T08:40:00.000000,2023-11-09T12:47:00.000000,-1.2906,76,Corales Puntacana Championship,73.28,2.087664804999029,Gamer,0.29088256175236826
17511,"Straka, Sepp",0.9986263849629551,2025-06-22T12:12:00.000000,2025-01-18T09:58:00.000000,1.22624,68,Travelers Championship,69.21875,1.4004847736410446,Imposter,-0.22761361503704491
17536,"Spaun, J.J.",1.0771648370777336,2025-06-22T11:28:00.000000,2025-02-02T08:58:00.000000,1.01108,63,Travelers Championship,69.62857142857143,1.4004847736410446,Proper Player,0.0660848370777336
17538,"Homa, Max",-0.8783688873858008,2025-06-27T07:29:00.000000,2024-10-25T10:24:00.000000,-0.72392,70,Rocket Classic,68.87179487179488,0.9565217043034202,Mule,-0.15444888738580076
17543,"Kim, Michael",0.6107894171249562,2025-06-29T11:05:00.000000,2025-03-01T13:45:00.000000,0.4174199999999999,68,Rocket Classic,70.19354838709677,0.9565217043034202,Proper Player,0.19336941712495626
17550,"van Rooyen, Erik",-0.23392524550841154,2025-05-11T10:05:00.000000,2024-10-11T13:35:00.000000,0.11744000000000009,68,Truist Championship,69.04444444444445,0.0,Imposter,-0.35136524550841164
17576,"Conners, Corey",1.3633591233054903,2025-06-14T11:07:00.000000,2025-02-07T13:28:00.000000,1.11242,72,U.S. Open,73.75862068965517,3.353853982792206,Proper Player,0.2509391233054903
17606,"Berger, Daniel",0.7825631799370204,2025-06-22T11:06:00.000000,2025-02-08T10:50:00.000000,0.9397800000000003,72,Travelers Championship,69.62857142857143,1.4004847736410446,Imposter,-0.15721682006297988
17639,"Blair, Zac",-0.04224560020854518,2025-06-13T12:30:00.000000,2024-09-13T13:33:00.000000,-0.32806,77,U.S. Open,75.14285714285714,3.353853982792206,Gamer,0.28581439979145484
17646,"Fitzpatrick, Matt",0.23991919135506426,2025-06-29T12:50:00.000000,2025-01-30T09:14:00.000000,0.27382000000000006,67,Rocket Classic,68.79166666666667,0.9565217043034202,Imposter,-0.033900808644935804
17723,"Lower, Justin",-0.6816996241865005,2025-06-29T10:55:00.000000,2025-01-11T09:00:00.000000,-0.3992000000000001,72,Rocket Classic,70.19354838709677,0.9565217043034202,Mule,-0.28249962418650043
17780,"Pendrith, Taylor",0.6379340006160449,2025-06-22T12:12:00.000000,2025-02-01T08:56:00.000000,0.4107399999999999,71,Travelers Championship,69.21875,1.4004847736410446,Proper Player,0.227194000616045
17786,"Davis, Cam",-0.7606780889119367,2025-06-27T12:43:00.000000,2025-01-09T12:30:00.000000,-0.8275399999999999,70,Rocket Classic,70.37179487179488,0.9565217043034202,Gamer,0.06686191108806327
17881,"Yu, Kevin",0.3755174733414937,2025-06-22T11:39:00.000000,2025-01-30T09:40:00.000000,0.76154,70,Travelers Championship,69.62857142857143,1.4004847736410446,Imposter,-0.3860225266585063
18103,"Bezuidenhout, Christiaan",0.09564946466136283,2025-06-22T12:34:00.000000,2025-02-01T08:23:00.000000,0.15788,66,Travelers Championship,69.21875,1.4004847736410446,Imposter,-0.06223053533863716
18105,"Lawrence, Thriston",-0.29275743672567567,2025-06-29T13:25:00.000000,2024-04-18T08:09:00.000000,-0.42784,69,Rocket Classic,68.79166666666667,0.9565217043034202,Gamer,0.13508256327432433
18187,"Duncan, Tyler",-0.5923583830365671,2025-05-09T14:16:00.000000,2024-05-30T13:17:00.000000,-0.35578,71,ONEflight Myrtle Beach Classic,70.86363636363636,0.0,Mule,-0.23657838303656709
18417,"Scheffler, Scottie",2.7194453319087035,2025-06-22T12:12:00.000000,2025-02-08T10:28:00.000000,2.72154,65,Travelers Championship,69.21875,1.4004847736410446,Imposter,-0.0020946680912965476
18424,"Roy, Kevin",0.3728666384502288,2025-06-29T12:20:00.000000,2025-01-12T08:10:00.000000,0.77414,67,Rocket Classic,68.79166666666667,0.9565217043034202,Imposter,-0.4012733615497712
18474,"Smalley, Alex",0.8969326232143143,2025-06-27T12:10:00.000000,2025-01-18T09:03:00.000000,0.86324,73,Rocket Classic,70.37179487179488,0.9565217043034202,Proper Player,0.03369262321431432
18536,"McCormick, Ryan",-0.5364199084859997,2025-06-15T08:25:00.000000,2024-05-03T13:50:00.000000,-0.41867999999999994,71,U.S. Open,73.0952380952381,3.353853982792206,Mule,-0.1177399084859998
18554,"Rai, Aaron",0.7718999071984185,2025-06-22T12:01:00.000000,2025-01-30T10:06:00.000000,0.74066,70,Travelers Championship,69.21875,1.4004847736410446,Proper Player,0.031239907198418515
18579,"Cook, Austin",-1.17189401131007,2025-05-09T13:32:00.000000,2024-03-07T11:46:00.000000,-1.1004800000000001,75,ONEflight Myrtle Beach Classic,70.86363636363636,0.0,Mule,-0.07141401131006986
18634,"McNealy, Maverick",1.0330693042046288,2025-06-22T11:28:00.000000,2025-02-06T08:26:00.000000,0.7785999999999998,68,Travelers Championship,69.62857142857143,1.4004847736410446,Proper Player,0.254469304204629
18635,"Shelton, Robby",-0.1974762854660627,2025-05-23T07:22:00.000000,2024-06-27T13:38:00.000000,-0.23616,74,Charles Schwab Challenge,68.92957746478874,1.579838262569973,Gamer,0.03868371453393732
18761,"Mullinax, Trey",-0.20262656173173546,2025-06-27T12:32:00.000000,2024-10-10T08:13:00.000000,-0.11896000000000004,72,Rocket Classic,70.37179487179488,0.9565217043034202,Mule,-0.08366656173173542
18770,"Rozner, Antoine",-0.07774518369612779,2025-06-29T08:25:00.000000,2024-07-12T08:17:00.000000,-0.00910000000000001,72,Rocket Classic,70.19354838709677,0.9565217043034202,Mule,-0.06864518369612778
18841,"Hovland, Viktor",1.0117598081812398,2025-06-21T10:25:00.000000,2024-08-25T09:20:00.000000,0.70492,63,Travelers Championship,67.775,1.4004847736410446,Proper Player,0.3068398081812398
19208,"Endycott, Harrison",0.16883216312571556,2025-06-29T06:58:00.000000,2023-11-17T10:32:00.000000,-0.33568,72,Rocket Classic,70.19354838709677,0.9565217043034202,Gamer,0.5045121631257156
19364,"Werenski, Richy",-0.4046328664431989,2025-03-07T11:41:00.000000,2023-10-05T07:33:00.000000,-0.52634,71,Puerto Rico Open,69.87951807228916,0.0,Gamer,0.12170713355680113
19396,"Knapp, Jake",0.6187991871239172,2025-06-29T13:45:00.000000,2025-01-25T10:30:00.000000,0.80322,68,Rocket Classic,68.79166666666667,0.9565217043034202,Imposter,-0.1844208128760828
19428,"Zalatoris, Will",0.0911912402335485,2025-05-16T07:38:00.000000,2024-08-17T11:13:00.000000,0.14064,76,PGA Championship,72.36363636363636,3.014188099336586,Imposter,-0.04944875976645148
19477,"Schenk, Adam",-0.3613018201509257,2025-06-27T13:16:00.000000,2024-11-22T10:40:00.000000,-0.09458,69,Rocket Classic,70.37179487179488,0.9565217043034202,Mule,-0.2667218201509257
19483,"Burns, Sam",0.6619475755120333,2025-06-22T11:39:00.000000,2025-02-13T09:52:00.000000,0.91092,69,Travelers Championship,69.62857142857143,1.4004847736410446,Imposter,-0.24897242448796664
19729,"Kanaya, Takumi",0.16633884353673223,2025-06-29T09:30:00.000000,2024-10-25T08:45:00.000000,0.3121399999999999,70,Rocket Classic,70.19354838709677,0.9565217043034202,Imposter,-0.1458011564632677
19840,"Ramey, Chad",0.05189824469988261,2025-06-29T12:40:00.000000,2025-01-10T08:20:00.000000,0.13023999999999997,71,Rocket Classic,68.79166666666667,0.9565217043034202,Imposter,-0.07834175530011736
19865,"Hardy, Nick",-0.3382291942878266,2025-06-29T07:43:00.000000,2024-10-18T11:28:00.000000,-0.36588,69,Rocket Classic,70.19354838709677,0.9565217043034202,Gamer,0.027650805712173376
19870,"McCarthy, Denny",0.6965153433526292,2025-06-22T12:23:00.000000,2025-02-08T10:17:00.000000,0.6882399999999999,69,Travelers Championship,69.21875,1.4004847736410446,Proper Player,0.00827534335262936
19872,"Riley, Davis",0.6272521662578582,2025-06-29T06:49:00.000000,2025-02-27T07:51:00.000000,0.47209999999999996,68,Rocket Classic,70.19354838709677,0.9565217043034202,Proper Player,0.15515216625785822
19895,"Schauffele, Xander",0.5017218500704768,2025-06-22T11:17:00.000000,2024-08-31T14:44:00.000000,0.37123999999999996,75,Travelers Championship,69.62857142857143,1.4004847736410446,Proper Player,0.1304818500704768
19960,"Pavon, Matthieu",-1.234726069930997,2025-06-22T11:28:00.000000,2025-02-01T09:07:00.000000,-1.14788,73,Travelers Championship,69.62857142857143,1.4004847736410446,Mule,-0.08684606993099697
20706,"Wallace, Matt",0.8546259880264259,2025-06-29T07:57:00.000000,2024-08-11T13:20:00.000000,0.5299200000000001,68,Rocket Classic,70.19354838709677,0.9565217043034202,Proper Player,0.3247059880264258
20722,"Schmid, Matti",0.0665894870675729,2025-06-21T08:50:00.000000,2025-01-16T08:30:00.000000,0.33554,74,Travelers Championship,67.775,1.4004847736410446,Imposter,-0.2689505129324271
20730,"Perez, Victor",0.44940520406075,2025-06-29T07:43:00.000000,2025-01-18T08:41:00.000000,0.4598,69,Rocket Classic,70.19354838709677,0.9565217043034202,Imposter,-0.010394795939249968
21236,"Bryan, Wesley",0.43606621934446527,2025-03-07T11:52:00.000000,2024-05-24T12:01:00.000000,0.21339999999999995,72,Puerto Rico Open,69.87951807228916,0.0,Proper Player,0.22266621934446532
21412,"Capan III, Frankie",-1.0359991716988137,2025-06-27T08:35:00.000000,2023-12-14T09:02:00.000000,-1.00966,73,Rocket Classic,68.87179487179488,0.9565217043034202,Mule,-0.026339171698813724
21554,"Poston, J.T.",0.5329441294653042,2025-06-22T11:50:00.000000,2025-02-13T10:03:00.000000,0.47480000000000006,69,Travelers Championship,69.62857142857143,1.4004847736410446,Proper Player,0.05814412946530417
21688,"Kim, S.H.",-0.6276184756592753,2025-01-24T09:34:00.000000,2024-07-04T06:56:00.000000,-0.5579599999999999,84,Farmers Insurance Open,75.40689655172413,2.851382237546276,Mule,-0.06965847565927541
21756,"Cole, Eric",0.24367108048933742,2025-06-21T13:45:00.000000,2025-02-28T08:02:00.000000,0.43420000000000003,69,Travelers Championship,68.3,1.4004847736410446,Imposter,-0.19052891951066261
21880,"Cone, Trevor",-0.9938834451822303,2025-06-27T13:49:00.000000,2023-10-08T07:30:00.000000,-1.01976,70,Rocket Classic,70.37179487179488,0.9565217043034202,Gamer,0.025876554817769737
21891,"Kitayama, Kurt",0.25311965367580885,2025-06-29T10:35:00.000000,2024-10-24T10:46:00.000000,0.38100000000000006,72,Rocket Classic,70.19354838709677,0.9565217043034202,Imposter,-0.1278803463241912
21944,"Moore, Taylor",0.47365599432455385,2025-06-27T13:27:00.000000,2025-01-09T07:40:00.000000,0.46312,69,Rocket Classic,70.37179487179488,0.9565217043034202,Proper Player,0.010535994324553877
21995,"Springer, Hayden",0.30126399569984064,2025-06-29T10:45:00.000000,2024-11-23T11:00:00.000000,0.12693999999999994,70,Rocket Classic,70.19354838709677,0.9565217043034202,Proper Player,0.1743239956998407
22002,"Dumont de Chassart, Adrien",-0.03582348558497644,2025-05-09T09:36:00.000000,2024-06-01T10:45:00.000000,-0.31814,72,ONEflight Myrtle Beach Classic,70.34848484848484,0.0,Gamer,0.28231651441502353
22085,"Morikawa, Collin",1.3496362809317468,2025-06-29T13:05:00.000000,2025-01-04T10:00:00.000000,1.22678,68,Rocket Classic,68.79166666666667,0.9565217043034202,Proper Player,0.12285628093174683
22535,"Norrman, Vincent",-0.5611907266861323,2025-03-21T08:19:00.000000,2024-03-31T11:30:00.000000,-0.70548,75,Valspar Championship,72.35064935064935,1.9738166418094836,Gamer,0.14428927331386765
22760,"Hisatsune, Ryo",0.7081575928310188,2025-06-29T08:35:00.000000,2025-01-23T09:23:00.000000,0.64012,71,Rocket Classic,70.19354838709677,0.9565217043034202,Proper Player,0.06803759283101873
22833,"Echavarria, Nico",-0.2794935665873369,2025-06-29T12:30:00.000000,2025-01-10T12:50:00.000000,0.12943999999999994,66,Rocket Classic,68.79166666666667,0.9565217043034202,Imposter,-0.4089335665873368
23014,"Theegala, Sahith",-0.11092502607199232,2025-05-30T13:10:00.000000,2025-01-03T09:21:00.000000,-0.3492800000000001,77,the Memorial Tournament presented by Workday,73.41666666666667,2.8801753303810576,Gamer,0.23835497392800775
23323,"MacIntyre, Robert",1.2450050392862682,2025-06-22T11:06:00.000000,2025-02-01T08:34:00.000000,0.9792399999999999,66,Travelers Championship,69.62857142857143,1.4004847736410446,Proper Player,0.26576503928626827
23465,"Greyserman, Max",0.6053126898375196,2025-06-29T13:55:00.000000,2025-02-15T09:05:00.000000,0.56756,67,Rocket Classic,68.79166666666667,0.9565217043034202,Proper Player,0.03775268983751967
23475,"Novak, Andrew",0.4596419147822457,2025-06-22T11:28:00.000000,2025-02-06T12:22:00.000000,0.4724999999999999,66,Travelers Championship,69.62857142857143,1.4004847736410446,Imposter,-0.012858085217754223
23482,"Sigg, Greyson",0.16173785958960024,2025-06-27T07:07:00.000000,2024-10-20T10:16:00.000000,-0.08020000000000006,70,Rocket Classic,68.87179487179488,0.9565217043034202,Gamer,0.2419378595896003
23504,"Hoey, Rico",0.00741612480474959,2025-06-27T12:32:00.000000,2025-01-23T10:18:00.000000,0.25,72,Rocket Classic,70.37179487179488,0.9565217043034202,Imposter,-0.2425838751952504
23505,"McGreevy, Max",0.21825585185331253,2025-06-27T13:49:00.000000,2025-02-06T09:10:00.000000,0.37040000000000006,73,Rocket Classic,70.37179487179488,0.9565217043034202,Imposter,-0.15214414814668753
23542,"Champ, Cameron",0.4400107888021498,2025-06-29T12:10:00.000000,2024-07-05T12:38:00.000000,0.4671400000000001,68,Rocket Classic,68.79166666666667,0.9565217043034202,Imposter,-0.027129211197850334
23599,"Westmoreland, Kyle",-0.5025925536950931,2025-03-28T09:10:00.000000,2023-06-29T08:46:00.000000,-0.4917799999999999,69,Texas Children's Houston Open,67.8051948051948,1.7047908137838608,Mule,-0.010812553695093263
23602,"Hojgaard, Nicolai",0.25329674100256283,2025-06-29T13:15:00.000000,2024-06-29T13:54:00.000000,0.3845000000000001,71,Rocket Classic,68.79166666666667,0.9565217043034202,Imposter,-0.1312032589974373
23604,"Clark, Wyndham",0.1335143729710313,2025-06-27T12:43:00.000000,2025-02-02T09:31:00.000000,0.1415199999999999,74,Rocket Classic,70.37179487179488,0.9565217043034202,Imposter,-0.008005627028968593
23656,"Young, Carson",-0.5748812885147949,2025-06-27T12:21:00.000000,2024-11-21T09:01:00.000000,-0.15034000000000014,78,Rocket Classic,70.37179487179488,0.9565217043034202,Mule,-0.4245412885147948
23816,"Valimaki, Sami",0.3655408246516108,2025-06-29T11:25:00.000000,2025-01-23T08:50:00.000000,0.6738799999999999,67,Rocket Classic,70.19354838709677,0.9565217043034202,Imposter,-0.3083391753483891
23838,"Hojgaard, Rasmus",-0.5285923640019662,2025-06-27T13:38:00.000000,2024-07-20T12:25:00.000000,-0.1761600000000001,70,Rocket Classic,70.37179487179488,0.9565217043034202,Mule,-0.3524323640019661
23950,"Aberg, Ludvig",0.7443427580696025,2025-06-22T11:17:00.000000,2024-12-08T11:40:00.000000,0.55882,69,Travelers Championship,69.62857142857143,1.4004847736410446,Proper Player,0.1855227580696025
24342,"Higgo, Garrick",0.5756234323317658,2025-06-27T07:51:00.000000,2024-08-08T15:21:00.000000,0.23784000000000013,70,Rocket Classic,68.87179487179488,0.9565217043034202,Proper Player,0.33778343233176567
24354,"Xiong, Norman",-0.27584577122979403,2025-06-27T14:22:00.000000,2024-03-23T11:28:00.000000,0.003000000000000007,71,Rocket Classic,70.37179487179488,0.9565217043034202,Imposter,-0.27884577122979404
24550,"Ghim, Doug",-0.19478204020207224,2025-06-29T12:40:00.000000,2025-01-16T09:36:00.000000,0.1771799999999999,69,Rocket Classic,68.79166666666667,0.9565217043034202,Imposter,-0.37196204020207213
24766,"Kim, Tom",-0.3670679820049181,2025-06-27T07:18:00.000000,2025-02-06T12:44:00.000000,-0.32476,76,Rocket Classic,68.87179487179488,0.9565217043034202,Mule,-0.04230798200491809
24968,"Griffin, Ben",1.5100029993094932,2025-06-29T12:30:00.000000,2025-02-27T13:02:00.000000,1.35036,68,Rocket Classic,68.79166666666667,0.9565217043034202,Proper Player,0.15964299930949322
25002,"Wu, Dylan",-0.2228610113362667,2025-06-08T08:55:00.000000,2024-07-27T10:00:00.000000,-0.31976000000000004,69,RBC Canadian Open,67.84782608695652,1.6077662621636581,Gamer,0.09689898866373334
25094,"Fishburn, Patrick",0.20358312499514453,2025-06-27T12:21:00.000000,2024-11-22T10:07:00.000000,0.026900000000000007,71,Rocket Classic,70.37179487179488,0.9565217043034202,Proper Player,0.17668312499514452
25157,"Hodges, Lee",1.0165191164225562,2025-06-29T10:45:00.000000,2024-10-26T08:45:00.000000,0.8928200000000001,70,Rocket Classic,70.19354838709677,0.9565217043034202,Proper Player,0.12369911642255615
25363,"Buckley, Hayden",-0.9662778696383291,2025-06-27T07:07:00.000000,2024-10-03T07:27:00.000000,-0.65474,68,Rocket Classic,68.87179487179488,0.9565217043034202,Mule,-0.3115378696383291
25442,"Montgomery, Taylor",-1.064029713962521,2025-06-08T11:15:00.000000,2024-09-13T12:16:00.000000,-0.84026,69,RBC Canadian Open,67.84782608695652,1.6077662621636581,Mule,-0.223769713962521
25569,"Stevens, Sam",0.12970778275103947,2025-06-22T12:23:00.000000,2025-02-20T13:16:00.000000,0.27102,67,Travelers Championship,69.21875,1.4004847736410446,Imposter,-0.1413122172489605
25771,"Furr, Wilson",-0.46946738225178924,2025-03-28T09:21:00.000000,2024-04-05T14:36:00.000000,-0.88202,67,Texas Children's Houston Open,67.8051948051948,1.7047908137838608,Gamer,0.4125526177482108
25908,"Whaley, Vince",0.5055412744916895,2025-06-29T10:10:00.000000,2025-01-18T09:03:00.000000,0.64436,68,Rocket Classic,70.19354838709677,0.9565217043034202,Imposter,-0.13881872550831054
26096,"Bhatia, Akshay",0.6050932697621422,2025-06-29T09:05:00.000000,2025-02-08T10:06:00.000000,0.5527599999999999,65,Rocket Classic,70.19354838709677,0.9565217043034202,Proper Player,0.052333269762142254
26649,"Thorbjornsen, Michael",0.6640601888688246,2025-06-29T13:25:00.000000,2024-10-10T09:30:00.000000,0.5545599999999999,67,Rocket Classic,68.79166666666667,0.9565217043034202,Proper Player,0.10950018886882462
26651,"Young, Cameron",0.08524406342082479,2025-06-29T10:10:00.000000,2025-02-13T10:47:00.000000,0.15996000000000005,71,Rocket Classic,70.19354838709677,0.9565217043034202,Imposter,-0.07471593657917526
26653,"Eckroat, Austin",-0.7192208899665566,2025-06-29T07:07:00.000000,2025-02-01T10:13:00.000000,-0.6021799999999999,68,Rocket Classic,70.19354838709677,0.9565217043034202,Mule,-0.1170408899665567
26657,"Fisk, Steven",0.13307903828016046,2025-06-27T14:00:00.000000,2024-11-22T11:02:00.000000,0.32852,72,Rocket Classic,70.37179487179488,0.9565217043034202,Imposter,-0.19544096171983952
26660,"Gordon, Will",-0.2989768386527389,2025-06-29T09:50:00.000000,2024-10-12T11:37:00.000000,-0.22310000000000005,71,Rocket Classic,70.19354838709677,0.9565217043034202,Mule,-0.07587683865273884
26850,"Svensson, Jesper",0.41717763178804596,2025-06-27T14:00:00.000000,2025-01-12T08:40:00.000000,0.27507999999999994,70,Rocket Classic,70.37179487179488,0.9565217043034202,Proper Player,0.14209763178804602
27164,"Phillips, Chandler",-0.14731064214275405,2025-06-29T12:20:00.000000,2025-01-17T08:30:00.000000,0.06461999999999996,67,Rocket Classic,68.79166666666667,0.9565217043034202,Imposter,-0.211930642142754
27183,"Salinda, Isaiah",0.2345671326749578,2025-06-29T08:06:00.000000,2023-12-14T08:30:00.000000,0.26452000000000003,70,Rocket Classic,70.19354838709677,0.9565217043034202,Imposter,-0.029952867325042237
27194,"Hall, Harry",0.9948544617401877,2025-06-29T13:05:00.000000,2025-02-22T09:35:00.000000,1.1228,69,Rocket Classic,68.79166666666667,0.9565217043034202,Imposter,-0.12794553825981236
27364,"Thompson, Davis",0.19296434297831247,2025-06-29T12:50:00.000000,2025-02-06T08:37:00.000000,0.28324,73,Rocket Classic,68.79166666666667,0.9565217043034202,Imposter,-0.09027565702168752
27774,"Gotterup, Chris",0.7926281367486615,2025-06-29T12:10:00.000000,2025-01-23T09:12:00.000000,0.9239,70,Rocket Classic,68.79166666666667,0.9565217043034202,Imposter,-0.13127186325133855
27780,"Crowe, Trace",-0.1991244398784825,2025-05-11T10:28:00.000000,2024-07-05T14:17:00.000000,-0.12357999999999997,69,ONEflight Myrtle Beach Classic,69.43478260869566,0.0,Mule,-0.07554443987848253
27819,"Castillo, Ricky",0.5106753007597115,2025-06-27T08:13:00.000000,2025-01-16T08:52:00.000000,0.48864,73,Rocket Classic,68.87179487179488,0.9565217043034202,Proper Player,0.02203530075971144
27820,"Pak, John",-0.41277487265256624,2025-06-27T14:22:00.000000,2024-01-18T09:25:00.000000,-0.56386,71,Rocket Classic,70.37179487179488,0.9565217043034202,Gamer,0.1510851273474338
27996,"Cummins, Quade",0.20524587173948589,2025-06-29T06:40:00.000000,2024-05-02T15:12:00.000000,0.34524,69,Rocket Classic,70.19354838709677,0.9565217043034202,Imposter,-0.1399941282605141
28159,"Meissner, Mac",-0.11742257378725682,2025-06-27T06:45:00.000000,2025-01-11T09:00:00.000000,-0.28474000000000005,69,Rocket Classic,68.87179487179488,0.9565217043034202,Gamer,0.16731742621274323
28270,"Dunlap, Nick",-1.8503915045484756,2025-06-27T13:16:00.000000,2025-01-11T08:00:00.000000,-1.6406999999999998,75,Rocket Classic,70.37179487179488,0.9565217043034202,Mule,-0.20969150454847574
28309,"Coody, Pierceson",0.35856758309508074,2025-05-25T10:28:00.000000,2024-08-10T09:00:00.000000,0.34332,70,Charles Schwab Challenge,71.14102564102564,1.579838262569973,Proper Player,0.01524758309508073
28469,"Highsmith, Joe",0.03567007110205982,2025-06-29T10:20:00.000000,2025-02-06T08:59:00.000000,-0.007080000000000058,69,Rocket Classic,70.19354838709677,0.9565217043034202,Gamer,0.042750071102059875
28635,"McCarty, Matt",0.37598135981313235,2025-06-29T11:50:00.000000,2025-01-12T07:50:00.000000,0.4382400000000001,68,Rocket Classic,70.19354838709677,0.9565217043034202,Imposter,-0.06225864018686772
29279,"Suber, Jackson",-0.8372232112582898,2025-06-29T13:15:00.000000,2024-06-14T07:51:00.000000,-0.5401600000000001,68,Rocket Classic,68.79166666666667,0.9565217043034202,Mule,-0.2970632112582897
29433,"Bridgeman, Jacob",0.2569769839572484,2025-06-29T11:35:00.000000,2025-02-20T07:52:00.000000,0.47753999999999996,70,Rocket Classic,70.19354838709677,0.9565217043034202,Imposter,-0.22056301604275158
29767,"Gerard, Ryan",0.8548535475538191,2025-06-29T11:50:00.000000,2025-03-13T14:46:00.000000,0.59258,73,Rocket Classic,70.19354838709677,0.9565217043034202,Proper Player,0.26227354755381915
29770,"Mouw, William",-0.7123982788838004,2025-06-29T11:15:00.000000,2023-07-09T11:55:00.000000,-0.34441999999999995,71,Rocket Classic,70.19354838709677,0.9565217043034202,Mule,-0.3679782788838004
31212,"Chandler, Will",-1.0857842170669216,2025-06-27T14:11:00.000000,2024-12-13T09:40:00.000000,-0.7648999999999999,69,Rocket Classic,70.37179487179488,0.9565217043034202,Mule,-0.3208842170669217
32330,"Clanton, Luke",1.0303879302130556,2025-06-29T07:16:00.000000,2024-06-29T12:59:00.000000,1.0220799999999999,69,Rocket Classic,70.19354838709677,0.9565217043034202,Proper Player,0.008307930213055759
